Open_1,High_1,Low_1,Close_1,AdjClose_1,Volume_1,Open_2,High_2,Low_2,Close_2,AdjClose_2,Volume_2,Open_3,High_3,Low_3,Close_3,AdjClose_3,Volume_3,Open_4,High_4,Low_4,Close_4,AdjClose_4,Volume_4,Open_5,High_5,Low_5,Close_5,AdjClose_5,Volume_5,Open_6,High_6,Low_6,Close_6,AdjClose_6,Volume_6,Open_7,High_7,Low_7,Close_7,AdjClose_7,Volume_7
37.900002,38.150002,37.799999,38.150002,38.150002,5208308,37.549999,38,37.450001,37.849998,37.849998,5996517,37,37.5,37,37.5,37.5,5808029,37.25,37.25,37.049999,37.049999,37.049999,3089197,37.25,37.650002,37.200001,37.25,37.25,4122465,37.200001,37.200001,36.900002,37.049999,37.049999,3757819,36.650002,37.200001,36.650002,37.049999,37.049999,6969604
